account_id,customer_id,account_type,open_date,status,balance
1,1,Loan,2024-07-03,Closed,36333487.28
2,2,Savings,2025-01-04,Active,18220090.71
3,2,Current,2025-01-09,Active,37324211.49
4,2,Credit,2025-03-05,Active,20518910.52
5,3,Savings,2022-01-17,Active,42299889.48
6,4,Credit,2024-10-06,Active,32305672.25
7,5,Credit,2024-01-06,Active,11814130.24
8,6,Current,2025-01-01,Active,9603881.41
9,6,Current,2025-01-30,Active,15533922.99
10,7,Loan,2021-09-26,Active,21812284.22
11,7,Savings,2022-12-01,Active,13642871.05
12,8,Savings,2018-04-12,Active,40178873.77
13,8,Current,2024-04-02,Active,2121196.26
14,8,Loan,2023-09-02,Active,2775810.37
15,9,Savings,2023-06-08,Active,14905978.96
16,10,Savings,2024-12-31,Closed,20356272.51
17,11,Credit,2023-10-11,Active,44287110.41
18,12,Loan,2021-01-27,Closed,36214480.31
19,13,Current,2020-09-02,Active,28552959.24
20,14,Savings,2024-07-19,Active,41450789.32
21,15,Credit,2020-12-13,Active,4521536.9
22,15,Savings,2023-03-19,Active,15677382.36
23,16,Loan,2024-09-28,Active,37200509.12
24,17,Loan,2023-08-26,Active,5349632.52
25,18,Current,2023-04-23,Frozen,21979375.88
26,19,Credit,2025-02-01,Closed,2805710.88
27,19,Credit,2024-06-18,Active,5656937.73
28,20,Loan,2020-03-05,Active,12324871.01
29,21,Credit,2022-11-25,Closed,46849244.84
30,22,Credit,2021-12-13,Active,18393287.04
31,23,Credit,2020-04-18,Active,48340589.92
32,23,Savings,2024-04-07,Active,33114549.49
33,24,Savings,2017-05-01,Active,39442247.51
34,25,Current,2020-01-15,Active,19240663.72
35,25,Credit,2017-06-20,Closed,34265564.45
36,25,Current,2017-09-17,Closed,19429666.03
37,25,Loan,2025-01-18,Closed,45897155.4
38,26,Credit,2024-08-20,Active,41137159.21
39,27,Current,2023-08-25,Active,42972242.7
40,27,Current,2021-05-30,Closed,31571321.61
41,28,Loan,2018-12-25,Active,13709085.92
42,29,Savings,2022-12-16,Active,47025366.06
43,30,Loan,2019-02-13,Active,46325596.02
44,31,Credit,2024-07-02,Active,43839293.75
45,31,Savings,2024-05-31,Active,34927124.56
46,32,Savings,2024-02-01,Active,30109775.94
47,32,Credit,2024-07-22,Active,1377271.16
48,33,Savings,2025-02-04,Active,9195143.71
49,34,Loan,2018-05-11,Active,6813250.24
50,35,Loan,2022-02-16,Active,15284321.41
51,36,Savings,2024-12-01,Active,12487682.26
52,36,Current,2025-01-29,Active,34290811.38
53,36,Credit,2024-08-09,Active,43676557.13
54,36,Current,2024-12-27,Active,34376468.92
55,36,Credit,2024-11-19,Active,9941199.34
56,37,Loan,2024-08-18,Active,19680774.08
57,37,Loan,2024-09-20,Closed,44218228.11
58,38,Current,2025-02-10,Active,1158275.03
59,39,Current,2024-11-09,Closed,48706637.31
60,40,Current,2024-05-31,Active,42593025.25
61,41,Savings,2019-06-04,Active,21450879.37
62,42,Credit,2024-05-09,Active,47902062.88
63,43,Current,2021-07-04,Closed,5876352.44
64,43,Loan,2021-09-03,Active,46414960.75
65,44,Loan,2024-08-06,Active,35681049.96
66,45,Current,2023-03-03,Closed,40672487.19
67,46,Credit,2016-08-30,Active,24713466.21
68,47,Current,2020-12-22,Active,10338231.59
69,47,Current,2016-04-18,Frozen,14155532.58
70,48,Current,2021-09-03,Active,20432119.85
71,48,Current,2024-04-08,Active,48806646.86
72,48,Current,2022-08-23,Active,45367338.47
73,49,Credit,2023-03-14,Active,32365306.06
74,50,Savings,2022-01-02,Active,6668914.75
75,50,Credit,2021-11-24,Frozen,19883760.23
76,51,Current,2025-02-01,Active,35425573.8
77,51,Credit,2025-01-02,Active,27854428.72
78,52,Savings,2018-09-20,Active,11749723.57
79,53,Credit,2023-03-11,Frozen,46966703.79
80,54,Savings,2025-01-30,Active,25232054.47
81,55,Loan,2024-09-20,Active,19740893.75
82,55,Credit,2023-04-27,Active,44612375.12
83,56,Savings,2022-11-24,Active,13021979.69
84,57,Loan,2022-12-05,Closed,43896058.63
85,58,Current,2023-07-10,Active,35515676.18
86,59,Loan,2023-11-12,Active,5850934.39
87,60,Savings,2024-07-21,Frozen,24965538.77
88,60,Credit,2024-08-22,Active,46312589.75
89,61,Credit,2023-07-10,Closed,13168187.25
90,61,Credit,2023-01-28,Active,21794410.68
91,62,Current,2022-09-23,Active,49728307.64
92,63,Current,2020-02-20,Active,46143411.68
93,63,Loan,2022-12-23,Active,7439554.14
94,64,Current,2021-12-03,Active,23517674.09
95,65,Current,2024-01-20,Active,21827129.03
96,65,Loan,2021-11-30,Active,17832440.61
97,66,Loan,2023-07-25,Active,5633419.28
98,67,Current,2025-03-09,Active,4687958.13
99,68,Credit,2023-02-24,Active,8423067.13
100,69,Credit,2023-10-02,Active,33160252.56
101,70,Current,2024-07-27,Active,48581651.46
102,71,Current,2022-06-14,Active,3851004.79
103,71,Loan,2023-05-20,Active,44369511.22
104,72,Savings,2025-02-08,Active,49066910.42
105,73,Savings,2025-04-09,Active,29521021.51
106,73,Savings,2024-11-27,Active,7697235.68
107,74,Savings,2024-11-28,Active,35388255.44
108,75,Loan,2018-06-12,Active,47760524.53
109,75,Savings,2022-08-03,Active,2201911.51
110,76,Loan,2021-07-17,Active,36579945.41
111,77,Current,2017-01-16,Active,2443625.61
112,78,Credit,2022-09-06,Active,2786195.85
113,79,Savings,2021-11-07,Active,30118553.45
114,79,Savings,2021-10-24,Active,8908759.93
115,79,Loan,2023-04-26,Active,42618768.2
116,80,Current,2019-09-23,Active,20125787.74
117,80,Current,2019-09-06,Active,24547346.43
118,80,Loan,2024-02-26,Active,46085773.47
119,81,Current,2024-12-10,Active,4814613.76
120,81,Credit,2022-06-16,Active,24486255.56
121,82,Loan,2025-01-28,Active,28157223.28
122,82,Loan,2023-08-01,Active,21132592.11
123,82,Credit,2023-11-20,Active,21710955.07
124,83,Loan,2024-03-07,Active,25671939.55
125,84,Loan,2021-12-18,Active,32384054.76
126,85,Current,2024-06-20,Closed,26368662.77
127,86,Savings,2024-06-28,Active,21873402.39
128,86,Loan,2023-05-04,Active,49209469.79
129,86,Credit,2021-08-16,Active,26159371.93
130,87,Credit,2025-01-21,Active,27554206.54
131,88,Savings,2023-01-24,Active,25537472.69
132,89,Loan,2023-06-08,Active,33046154.14
133,90,Credit,2020-08-29,Active,29282538.56
134,91,Savings,2022-09-20,Active,33082300.39
135,92,Current,2022-03-05,Active,42147062.07
136,92,Savings,2019-03-13,Active,43838999.8
137,93,Credit,2020-03-03,Active,36207493.29
138,94,Loan,2025-03-22,Active,13261068.74
139,94,Current,2025-03-20,Active,3920244.27
140,95,Credit,2024-12-16,Closed,5325469.63
141,95,Savings,2024-08-19,Active,5842746.24
142,95,Current,2025-02-27,Active,23013549.23
143,96,Loan,2022-01-22,Closed,48290532.34
144,97,Loan,2023-06-04,Active,40658492.65
145,98,Credit,2022-04-18,Active,48157449.1
146,99,Loan,2022-07-05,Active,4390880.18
147,100,Current,2025-03-12,Active,5604506.0
148,100,Savings,2023-04-03,Active,9419172.96
149,101,Savings,2019-01-31,Active,32434674.85
150,102,Current,2019-11-02,Active,31306696.96
151,103,Current,2024-02-10,Active,38488360.11
152,103,Current,2023-09-13,Active,1100623.24
153,104,Current,2020-06-14,Closed,36941671.28
154,105,Loan,2024-11-28,Frozen,23579745.04
155,106,Loan,2021-12-04,Active,10074907.62
156,106,Loan,2022-01-06,Active,403635.31
157,107,Loan,2022-06-11,Frozen,42432326.89
158,107,Credit,2018-04-18,Active,19990021.81
159,108,Loan,2025-04-04,Active,3044627.06
160,109,Savings,2020-02-08,Active,15799349.01
161,109,Savings,2024-02-22,Active,32418531.29
162,110,Loan,2023-09-09,Active,31138607.52
163,110,Credit,2025-03-08,Active,21817137.9
164,111,Current,2020-06-10,Active,9618142.86
165,112,Credit,2018-10-19,Active,25386720.9
166,113,Credit,2025-04-02,Closed,42674155.03
167,113,Loan,2025-03-26,Active,14676768.16
168,114,Loan,2023-04-21,Frozen,41655706.48
169,115,Credit,2018-08-09,Active,39989755.4
170,116,Current,2022-11-15,Active,14130036.19
171,117,Savings,2022-10-12,Active,6463536.74
172,117,Current,2024-01-19,Active,24614364.89
173,118,Loan,2020-12-05,Closed,24691316.68
174,119,Current,2024-06-18,Active,2361996.31
175,120,Savings,2018-11-24,Active,13047792.35
176,120,Current,2024-03-14,Active,42974488.97
177,121,Savings,2024-11-15,Active,16893360.38
178,121,Savings,2022-10-25,Active,6043194.76
179,122,Current,2024-01-16,Active,49683204.46
180,122,Credit,2019-10-04,Active,38507043.7
181,123,Credit,2023-01-30,Closed,42671873.32
182,124,Savings,2022-07-28,Active,46332338.6
183,125,Loan,2024-09-05,Active,48132728.98
184,125,Savings,2024-08-01,Frozen,39084803.25
185,125,Savings,2025-02-10,Active,2108052.17
186,126,Savings,2023-05-04,Active,5911786.96
187,126,Current,2023-06-29,Closed,7860057.04
188,127,Credit,2020-11-29,Active,38100614.85
189,128,Loan,2024-05-31,Active,4973719.0
190,129,Credit,2023-04-24,Active,6897245.48
191,130,Current,2024-11-24,Active,20793334.44
192,131,Savings,2024-01-11,Active,40459169.33
193,131,Credit,2023-10-20,Active,8571377.16
194,131,Credit,2025-01-11,Active,37744712.17
195,132,Credit,2019-06-15,Active,12280109.49
196,133,Loan,2024-10-05,Active,6908336.69
197,134,Loan,2024-07-25,Active,20471372.88
198,134,Loan,2023-04-23,Frozen,25812603.12
199,134,Credit,2022-10-01,Closed,22134508.68
200,135,Savings,2024-09-10,Active,25872261.46
201,135,Savings,2025-03-15,Active,15747080.55
202,136,Current,2024-01-14,Active,19669380.65
203,137,Savings,2023-03-24,Active,32076873.06
204,138,Savings,2024-01-29,Frozen,49002553.27
205,138,Credit,2025-02-19,Active,44290284.69
206,139,Credit,2022-06-26,Active,15691624.87
207,140,Credit,2022-06-05,Active,13996239.43
208,141,Current,2017-07-09,Active,22314990.64
209,141,Current,2021-10-26,Closed,31221740.43
210,142,Loan,2025-02-21,Active,44384868.08
211,143,Loan,2024-06-12,Active,44049924.37
212,144,Savings,2020-12-09,Active,16731301.31
213,144,Current,2022-10-06,Active,27044103.33
214,145,Current,2021-08-01,Active,27593774.71
215,146,Credit,2024-04-16,Active,8009766.74
216,146,Savings,2024-08-03,Closed,27001232.81
217,147,Credit,2022-05-30,Active,38710147.78
218,148,Loan,2023-06-13,Frozen,5530990.89
219,148,Savings,2025-03-28,Active,12995225.34
220,149,Credit,2024-08-15,Active,37830431.55
221,149,Savings,2019-05-06,Active,28626039.66
222,150,Savings,2022-06-21,Active,49147698.62
223,151,Current,2024-06-01,Active,14233929.39
224,152,Current,2021-07-27,Active,25988135.71
225,153,Current,2022-09-05,Active,25827426.74
226,154,Current,2018-07-26,Active,18069763.97
227,155,Savings,2022-12-27,Active,21290349.7
228,155,Loan,2025-03-28,Active,3119061.69
229,156,Current,2024-06-22,Active,22313742.71
230,156,Credit,2023-09-26,Active,20143657.85
231,157,Loan,2017-07-02,Closed,29219345.85
232,157,Loan,2024-12-06,Frozen,34454002.9
233,158,Loan,2025-01-07,Active,20851948.37
234,159,Current,2018-06-14,Active,6364927.65
235,160,Loan,2020-09-19,Active,35229188.99
236,161,Savings,2022-02-10,Active,22777064.37
237,161,Savings,2022-09-15,Active,47204037.36
238,162,Credit,2024-04-05,Closed,5947115.29
239,163,Loan,2024-06-09,Active,18485602.41
240,163,Credit,2021-02-25,Active,7673692.49
241,164,Credit,2025-03-15,Active,18729243.44
242,164,Credit,2025-02-03,Active,39562273.02
243,164,Current,2025-03-10,Active,21093630.84
244,164,Credit,2025-03-28,Closed,10786916.97
245,165,Loan,2022-05-10,Active,27381389.61
246,166,Savings,2025-02-24,Closed,20884581.96
247,166,Credit,2025-03-15,Active,45015361.53
248,167,Loan,2023-12-08,Active,36004474.43
249,167,Current,2020-06-06,Active,25243145.42
250,167,Loan,2023-09-03,Active,33364365.04
251,167,Current,2018-05-09,Closed,16267562.16
252,168,Loan,2025-04-08,Active,45013218.44
253,169,Credit,2025-03-03,Active,47904393.81
254,169,Loan,2021-01-26,Active,32299367.32
255,170,Current,2022-05-22,Active,28604019.73
256,171,Credit,2022-06-26,Active,6197842.75
257,172,Savings,2023-10-28,Active,30939015.7
258,172,Savings,2017-12-02,Frozen,26092471.93
259,172,Loan,2021-09-13,Active,943016.88
260,173,Current,2024-02-15,Frozen,13755376.77
261,174,Current,2024-09-20,Active,35283828.94
262,174,Loan,2024-06-26,Active,26681857.91
263,174,Credit,2024-12-10,Active,2258732.36
264,175,Savings,2021-10-05,Active,9033595.21
265,176,Savings,2022-01-04,Closed,15875947.94
266,176,Credit,2018-02-07,Active,48989507.82
267,176,Current,2022-02-26,Active,9141619.62
268,177,Savings,2024-03-13,Active,47608714.73
269,177,Current,2022-08-18,Active,48056555.51
270,178,Current,2022-05-26,Active,2934504.09
271,179,Loan,2022-08-22,Active,7131602.92
272,179,Credit,2015-07-22,Active,47079459.99
273,179,Savings,2021-05-06,Active,11988751.95
274,180,Current,2021-06-07,Active,37621975.03
275,180,Loan,2022-07-06,Closed,13471683.48
276,181,Credit,2023-08-16,Active,20359752.41
277,182,Loan,2022-08-14,Active,31680729.35
278,182,Savings,2025-03-03,Active,48174099.64
279,183,Savings,2024-01-31,Active,27739825.43
280,183,Current,2022-10-09,Active,20343228.61
281,184,Savings,2017-05-13,Active,25026614.36
282,184,Current,2018-05-07,Active,49265582.69
283,185,Current,2024-06-06,Active,21193385.31
284,186,Loan,2024-04-14,Active,40634059.45
285,187,Credit,2021-08-06,Active,8377409.89
286,188,Savings,2016-11-03,Closed,24114491.13
287,189,Credit,2025-04-08,Active,19013874.19
288,190,Credit,2021-09-07,Active,10645579.19
289,191,Credit,2023-10-28,Active,36961755.45
290,192,Savings,2020-01-30,Active,19771292.01
291,193,Savings,2025-01-15,Active,36256438.33
292,194,Credit,2023-05-31,Closed,10550400.31
293,195,Credit,2025-04-02,Closed,47270969.22
294,195,Credit,2024-03-07,Frozen,35390627.15
295,196,Credit,2024-10-12,Active,49151267.14
296,197,Credit,2021-09-30,Active,47950044.04
297,198,Credit,2021-10-27,Active,34595334.57
298,198,Savings,2021-06-23,Active,223919.59
299,199,Savings,2023-03-20,Active,20664020.01
300,199,Loan,2022-11-29,Active,26911191.37
301,200,Savings,2021-03-11,Active,44629683.93
302,201,Loan,2025-03-27,Active,17656206.67
303,202,Loan,2025-04-05,Active,17904707.37
304,203,Current,2019-07-13,Active,40595366.72
305,203,Savings,2022-01-11,Active,18530327.26
306,204,Current,2023-01-27,Active,11083823.03
307,204,Savings,2022-01-02,Active,34030912.06
308,205,Credit,2021-05-17,Active,40815878.39
309,206,Credit,2023-11-03,Active,11065172.55
310,206,Loan,2021-04-07,Frozen,1849434.19
311,207,Loan,2022-01-10,Closed,35351330.65
312,208,Current,2017-12-25,Active,49213334.26
313,209,Loan,2021-04-07,Active,13874604.23
314,210,Loan,2021-08-28,Active,9696575.15
315,210,Current,2024-04-01,Active,6421037.28
316,210,Savings,2023-10-22,Active,46678834.4
317,211,Current,2024-04-23,Closed,36447654.33
318,212,Credit,2023-05-30,Active,33902156.06
319,213,Credit,2025-03-22,Active,44156265.78
320,214,Savings,2020-05-19,Closed,32051904.65
321,215,Savings,2024-05-03,Closed,16156733.23
322,216,Loan,2025-03-21,Active,34011872.04
323,216,Loan,2024-08-21,Active,25867673.12
324,217,Savings,2024-08-03,Closed,11235164.82
325,218,Credit,2021-07-14,Closed,26625190.01
326,218,Credit,2023-08-30,Active,9738460.89
327,218,Savings,2021-12-11,Closed,40385568.8
328,219,Current,2025-02-02,Frozen,21196774.64
329,219,Savings,2024-09-16,Closed,9851872.12
330,220,Credit,2019-07-20,Active,31303474.4
331,221,Savings,2019-07-05,Active,21603127.69
332,222,Savings,2023-12-22,Active,31318592.45
333,222,Credit,2023-07-12,Active,12365206.77
334,223,Loan,2018-04-02,Active,17046690.38
335,224,Savings,2024-01-13,Active,25988555.48
336,225,Current,2017-09-26,Closed,38789716.09
337,226,Loan,2024-12-04,Active,31271184.39
338,226,Savings,2020-12-09,Active,3043740.4
339,227,Savings,2025-03-16,Active,44505285.99
340,228,Savings,2025-03-13,Active,3109491.66
341,229,Loan,2022-10-20,Active,30540824.6
342,230,Loan,2024-09-17,Active,33881447.23
343,231,Savings,2022-09-03,Active,19078959.65
344,232,Savings,2025-02-20,Active,20561289.11
345,233,Savings,2019-11-28,Active,23215812.56
346,234,Loan,2021-12-25,Closed,30965335.41
347,234,Credit,2022-02-11,Active,33792047.24
348,235,Savings,2021-05-08,Active,16416401.51
349,236,Current,2025-02-19,Active,624306.23
350,237,Savings,2023-10-22,Active,42040565.33
351,237,Current,2023-01-06,Active,12821742.25
352,238,Loan,2021-07-09,Active,31046335.83
353,238,Current,2025-02-26,Active,39853308.94
354,239,Savings,2019-11-24,Active,29230269.54
355,240,Credit,2022-05-21,Active,44262243.28
356,241,Current,2023-07-27,Active,15440633.98
357,241,Credit,2022-10-20,Active,48513850.21
358,242,Current,2024-12-31,Active,25360322.29
359,243,Savings,2023-05-23,Active,9778402.41
360,243,Current,2023-04-27,Active,10071049.17
361,244,Savings,2022-02-14,Active,33396328.35
362,245,Loan,2019-11-07,Active,16563960.27
363,245,Credit,2021-07-12,Active,20940577.47
364,246,Current,2021-08-04,Active,43806512.86
365,247,Savings,2022-03-07,Active,45998480.07
366,247,Current,2022-02-05,Active,23332172.51
367,248,Current,2023-07-13,Active,36731963.01
368,248,Credit,2019-04-05,Active,18801831.06
369,248,Loan,2020-04-18,Active,49494003.4
370,249,Credit,2024-11-24,Active,17900754.37
371,250,Savings,2020-03-31,Active,22026001.89
372,251,Credit,2017-01-31,Active,1493981.81
373,252,Current,2023-04-14,Active,10955062.57
374,253,Credit,2022-06-26,Active,16997476.48
375,253,Current,2021-12-03,Active,1084386.48
376,254,Credit,2023-11-25,Closed,1059478.09
377,255,Current,2024-12-01,Active,39372829.89
378,255,Savings,2025-03-22,Active,10519766.56
379,256,Loan,2024-09-09,Active,40476293.64
380,256,Current,2020-06-24,Closed,48855321.28
381,257,Loan,2023-12-13,Closed,3278222.2
382,258,Current,2017-08-02,Closed,6548426.06
383,258,Current,2018-09-19,Active,18915994.51
384,259,Credit,2018-08-22,Active,21482712.83
385,259,Current,2018-12-29,Closed,38156487.91
386,259,Current,2020-11-14,Closed,14716195.47
387,260,Current,2024-05-21,Active,2672416.16
388,261,Credit,2023-01-17,Closed,42576616.89
389,262,Loan,2021-05-31,Active,4079571.02
390,262,Loan,2021-12-27,Active,30748173.55
391,263,Current,2023-10-17,Active,37567888.82
392,263,Credit,2025-02-23,Active,23218721.21
393,264,Credit,2025-03-01,Active,26278528.8
394,265,Loan,2024-04-28,Active,24744653.35
395,265,Credit,2024-10-05,Active,31908898.97
396,266,Savings,2022-09-07,Active,44745282.41
397,266,Loan,2023-12-28,Closed,19801039.77
398,266,Credit,2023-08-19,Active,18860377.32
399,267,Current,2025-02-28,Closed,18711626.69
400,267,Savings,2024-06-15,Active,4210567.19
401,268,Loan,2025-01-02,Active,11516577.13
402,269,Savings,2024-01-05,Active,31060079.73
403,269,Loan,2024-01-02,Active,21630958.08
404,270,Credit,2022-01-31,Active,15857851.08
405,270,Loan,2017-10-16,Active,22090007.85
406,271,Credit,2024-07-23,Active,17961055.83
407,271,Savings,2020-12-09,Active,25093228.34
408,272,Savings,2022-07-20,Active,46331029.9
409,273,Savings,2025-01-19,Active,18018242.18
410,273,Current,2024-08-12,Active,33758615.18
411,274,Credit,2024-06-22,Active,40780083.34
412,275,Credit,2024-04-08,Active,30205661.85
413,275,Current,2025-02-02,Frozen,37621644.0
414,275,Credit,2024-04-07,Active,14980712.86
415,276,Credit,2024-03-11,Active,20196518.96
416,276,Loan,2016-09-10,Active,37892725.69
417,277,Savings,2024-08-21,Active,25637222.18
418,278,Current,2024-06-06,Closed,11386648.85
419,279,Current,2021-10-09,Active,25796109.27
420,279,Loan,2021-09-23,Active,23075442.85
421,280,Savings,2020-09-10,Active,9400449.14
422,280,Loan,2023-09-20,Active,22504097.06
423,280,Savings,2022-12-08,Active,28879647.35
424,281,Current,2023-05-11,Active,36892875.01
425,282,Loan,2025-04-04,Active,41716601.09
426,283,Credit,2025-04-09,Active,21291710.22
427,284,Loan,2020-05-19,Active,34529025.15
428,285,Credit,2024-04-19,Active,1171759.62
429,285,Savings,2025-01-22,Closed,7693025.06
430,286,Credit,2021-05-09,Active,39959297.42
431,287,Loan,2023-10-12,Frozen,10218188.88
432,288,Loan,2022-11-10,Active,19327827.72
433,288,Loan,2025-02-01,Active,28480055.45
434,289,Loan,2025-04-06,Active,15239226.77
435,290,Current,2022-05-09,Active,27649809.7
436,291,Savings,2025-03-12,Active,30172161.98
437,291,Savings,2024-11-18,Active,3483856.87
438,292,Loan,2022-12-12,Active,11659640.91
439,292,Savings,2023-04-07,Active,18438926.76
440,293,Savings,2021-06-16,Active,42986770.3
441,294,Loan,2022-08-27,Active,49479860.22
442,295,Current,2024-08-14,Active,23917774.61
443,295,Savings,2024-08-27,Active,45180339.34
444,296,Current,2025-03-26,Active,10291793.48
445,297,Loan,2025-03-14,Active,33242984.35
446,297,Current,2025-01-23,Active,46958321.19
447,297,Current,2025-04-09,Active,34244948.1
448,297,Credit,2025-04-06,Active,49554344.81
449,298,Loan,2023-12-08,Active,19967853.36
450,299,Current,2023-04-18,Active,45516023.92
451,300,Loan,2024-08-01,Active,28810876.29
452,300,Savings,2024-12-07,Active,44050893.73
453,301,Loan,2024-12-05,Active,42133547.3
454,302,Credit,2020-10-14,Active,41173245.98
455,302,Current,2023-02-14,Active,8987109.71
456,303,Loan,2025-04-05,Active,45542546.44
457,304,Current,2020-10-09,Active,4785753.21
458,305,Savings,2023-11-20,Active,43528274.2
459,306,Credit,2023-10-13,Closed,26891499.78
460,307,Savings,2021-11-19,Active,36123245.37
461,308,Current,2020-04-21,Closed,20569795.14
462,309,Savings,2020-10-01,Frozen,3835916.47
463,309,Savings,2019-10-24,Active,38977737.0
464,310,Loan,2024-08-22,Active,12645803.24
465,311,Savings,2023-10-10,Active,3669042.65
466,311,Loan,2025-03-02,Active,37300412.28
467,312,Current,2022-11-12,Active,546760.7
468,313,Savings,2020-07-13,Active,6832663.81
469,313,Loan,2023-03-02,Active,3421176.19
470,314,Current,2022-07-10,Active,21891805.39
471,314,Loan,2022-11-21,Active,42079711.03
472,315,Current,2022-05-24,Active,30353357.99
473,315,Current,2024-10-20,Active,26737345.12
474,316,Loan,2024-03-28,Active,33572893.87
475,316,Savings,2019-11-28,Active,7683288.9
476,317,Credit,2022-03-23,Active,35723469.49
477,317,Current,2023-12-14,Active,2397323.56
478,318,Savings,2024-05-12,Active,15423129.3
479,319,Savings,2021-01-31,Active,2442748.09
480,319,Loan,2022-11-14,Active,46441739.41
481,320,Credit,2024-06-20,Closed,10007284.7
482,320,Savings,2024-05-26,Active,49464638.34
483,321,Credit,2024-06-20,Active,34001176.69
484,322,Savings,2022-06-30,Active,44115480.02
485,322,Current,2021-10-22,Active,2210185.49
486,323,Savings,2024-09-23,Active,16140752.0
487,323,Current,2023-09-26,Active,46717025.13
488,324,Loan,2022-12-03,Closed,6048990.03
489,325,Current,2025-03-28,Active,16175157.72
490,325,Savings,2022-12-04,Active,15818848.67
491,325,Loan,2022-09-02,Active,11012608.73
492,326,Credit,2022-09-27,Active,18455308.25
493,326,Savings,2023-02-17,Closed,20560730.83
494,327,Loan,2022-08-14,Frozen,5099661.36
495,328,Current,2024-10-03,Active,4746280.93
496,329,Credit,2025-04-07,Frozen,34818805.14
497,330,Current,2024-10-31,Active,31771319.05
498,331,Credit,2019-04-23,Frozen,33321865.75
499,332,Savings,2020-02-17,Active,30430580.77
500,332,Loan,2024-01-22,Active,32033191.82
501,332,Current,2023-01-28,Active,35234410.24
502,332,Savings,2025-03-25,Active,30821270.24
503,333,Savings,2024-05-23,Active,36898285.06
504,334,Current,2025-04-10,Active,3005551.6
505,334,Credit,2025-04-04,Active,10108569.26
506,335,Loan,2021-09-24,Active,1904956.71
507,336,Loan,2022-06-24,Active,16441205.69
508,336,Credit,2022-03-22,Active,39350674.38
509,336,Savings,2022-11-21,Active,48878599.55
510,336,Credit,2025-03-14,Active,11458211.0
511,337,Credit,2023-01-08,Active,10298813.59
512,337,Savings,2022-05-14,Closed,33253650.89
513,338,Current,2024-11-19,Active,34816939.64
514,338,Current,2021-02-26,Active,19080481.17
515,338,Credit,2019-12-29,Active,31492827.82
516,339,Savings,2023-08-03,Closed,3508546.15
517,340,Current,2025-02-25,Active,49600708.32
518,341,Current,2023-03-06,Active,8692054.47
519,341,Current,2019-01-01,Active,3917444.04
520,341,Loan,2018-11-25,Active,36086471.55
521,342,Current,2025-01-26,Active,30296503.23
522,343,Credit,2022-01-15,Active,22419076.91
523,344,Current,2020-08-17,Active,39066633.38
524,344,Savings,2019-02-16,Frozen,17985500.95
525,344,Loan,2019-08-14,Active,22074389.78
526,344,Loan,2023-02-07,Active,40981994.36
527,345,Loan,2024-07-10,Active,19077151.39
528,346,Savings,2023-07-01,Active,46077409.63
529,347,Current,2023-05-26,Active,8793208.9
530,348,Loan,2023-12-05,Active,22685619.26
531,348,Loan,2023-02-07,Active,24047408.27
532,348,Credit,2021-01-28,Active,23468231.48
533,348,Current,2022-06-17,Closed,218985.73
534,348,Credit,2021-06-29,Active,46285296.65
535,349,Loan,2025-02-22,Frozen,18663513.44
536,349,Loan,2023-10-10,Active,49376227.91
537,349,Savings,2024-09-18,Active,1950956.62
538,349,Savings,2024-08-20,Active,28284773.52
539,350,Current,2021-04-22,Active,47855272.86
540,351,Credit,2024-12-09,Active,24436205.94
541,352,Credit,2024-04-29,Active,32548807.67
542,352,Loan,2024-02-19,Active,12125219.93
543,353,Savings,2024-12-22,Closed,18077100.27
544,354,Savings,2025-02-16,Active,32270223.52
545,354,Credit,2024-08-15,Active,47213818.43
546,355,Current,2021-08-08,Active,30111444.85
547,356,Current,2022-11-05,Active,38550899.55
548,357,Loan,2024-05-25,Active,29312159.83
549,357,Savings,2024-05-20,Active,9449274.37
550,358,Loan,2025-03-24,Active,21349304.93
551,358,Credit,2024-03-23,Active,26664733.59
552,359,Loan,2024-12-25,Active,36699332.51
553,359,Savings,2024-10-27,Active,28634858.65
554,360,Credit,2024-08-10,Active,13458376.68
555,361,Current,2023-04-28,Closed,19904531.28
556,361,Credit,2021-03-13,Active,8428250.6
557,362,Loan,2022-09-12,Active,3501376.33
558,363,Loan,2024-11-22,Active,32729514.38
559,364,Loan,2021-05-13,Active,18738822.92
560,364,Current,2024-07-08,Active,9107396.73
561,365,Savings,2023-02-22,Active,40720379.04
562,365,Current,2024-10-05,Active,37498287.61
563,366,Current,2024-12-26,Active,45114641.71
564,367,Loan,2024-04-27,Active,45649440.5
565,368,Savings,2017-09-28,Closed,8314645.37
566,369,Credit,2023-04-30,Active,6242832.14
567,370,Savings,2024-09-02,Active,29286463.54
568,371,Loan,2020-02-03,Active,38029074.38
569,372,Savings,2024-11-16,Active,37592416.84
570,372,Savings,2024-09-20,Active,39462466.32
571,373,Savings,2021-12-31,Active,26121503.87
572,374,Savings,2024-10-14,Active,26008505.34
573,374,Credit,2023-08-18,Closed,23666856.84
574,375,Credit,2023-10-28,Active,16834144.56
575,375,Credit,2023-11-13,Frozen,40844191.13
576,376,Credit,2023-11-19,Active,18928000.55
577,376,Savings,2019-03-02,Frozen,43655140.84
578,377,Savings,2024-06-17,Active,43528370.12
579,377,Loan,2020-12-21,Active,44399647.86
580,378,Current,2020-11-25,Active,6153498.03
581,379,Credit,2024-07-30,Frozen,37574472.67
582,380,Current,2024-11-30,Active,30921401.26
583,380,Loan,2024-11-30,Active,33014818.23
584,381,Savings,2024-03-28,Frozen,47877781.66
585,382,Credit,2020-03-28,Active,18016678.55
586,382,Savings,2019-12-26,Frozen,36793293.45
587,383,Loan,2024-06-25,Active,24231961.85
588,384,Savings,2025-04-06,Active,46954846.8
589,385,Loan,2024-08-13,Frozen,42856429.01
590,386,Savings,2022-04-14,Active,14700210.03
591,387,Current,2022-08-16,Active,43494237.58
592,388,Savings,2020-12-22,Active,39843069.81
593,388,Credit,2020-06-05,Active,49815273.93
594,389,Loan,2024-11-16,Active,22319872.15
595,390,Savings,2016-08-16,Active,27037988.73
596,390,Current,2024-01-25,Active,37665093.51
597,391,Savings,2024-02-24,Active,49668139.93
598,391,Savings,2019-11-26,Active,46449078.28
599,392,Loan,2024-04-22,Active,11026597.99
600,393,Credit,2024-04-26,Active,47575678.94
601,394,Savings,2025-03-07,Active,46137581.98
602,395,Loan,2024-07-14,Active,34592309.57
603,396,Current,2020-08-29,Closed,38319205.96
604,397,Savings,2023-01-14,Active,18856746.02
605,398,Loan,2019-11-18,Active,39256243.31
606,399,Loan,2024-12-27,Active,11185306.28
607,400,Savings,2021-05-30,Active,5578012.29
608,401,Credit,2020-07-16,Active,46861160.43
609,402,Savings,2018-08-15,Active,6379599.15
610,403,Credit,2021-11-02,Frozen,28850072.92
611,403,Savings,2024-01-22,Active,29507088.58
612,404,Current,2022-02-22,Active,48992676.41
613,404,Credit,2023-02-24,Active,39877931.78
614,405,Current,2025-04-03,Active,30084865.76
615,406,Current,2024-02-07,Active,469334.21
616,406,Loan,2022-07-16,Active,40809236.54
617,406,Credit,2024-06-01,Active,24996634.92
618,407,Loan,2022-04-07,Active,14176807.34
619,408,Savings,2020-06-04,Active,15451482.43
620,408,Savings,2021-08-07,Active,42384986.51
621,409,Loan,2015-05-03,Active,10793096.11
622,410,Credit,2024-02-26,Active,18841664.27
623,411,Credit,2017-04-20,Active,35841147.68
624,412,Current,2023-12-28,Active,2637789.55
625,413,Current,2024-10-30,Closed,36372499.19
626,413,Credit,2024-08-18,Frozen,32965923.04
627,414,Current,2018-09-12,Frozen,27401666.05
628,415,Credit,2022-08-18,Active,23676346.7
629,415,Credit,2022-01-07,Active,19559244.1
630,416,Credit,2019-08-04,Active,46153958.68
631,417,Loan,2022-08-16,Active,16177695.09
632,417,Savings,2024-07-02,Active,35482280.7
633,417,Loan,2023-05-02,Active,28862098.88
634,418,Loan,2019-03-01,Active,14561167.65
635,419,Current,2023-12-15,Active,40219878.58
636,420,Current,2024-01-11,Active,466534.41
637,421,Savings,2018-09-08,Active,49424324.55
638,422,Current,2024-10-15,Active,49135200.23
639,423,Current,2024-11-24,Closed,4811426.12
640,424,Loan,2020-02-29,Active,2633081.05
641,425,Credit,2024-01-25,Active,48486651.4
642,426,Loan,2024-11-13,Active,5948939.06
643,427,Loan,2018-05-02,Active,34402325.45
644,428,Current,2022-12-04,Active,18774828.32
645,429,Savings,2024-10-22,Active,43246140.52
646,430,Loan,2017-12-15,Active,32663241.74
647,430,Credit,2020-07-01,Active,5840215.43
648,431,Savings,2024-12-24,Active,33442922.57
649,431,Current,2025-02-20,Active,28653365.62
650,432,Loan,2024-07-09,Active,37270511.15
651,433,Current,2023-10-21,Active,49997710.02
652,434,Loan,2024-11-06,Active,6270569.51
653,435,Credit,2023-11-23,Active,45444937.36
654,436,Current,2021-11-01,Active,35040088.06
655,436,Loan,2024-11-04,Active,26825475.32
656,437,Loan,2022-12-22,Active,41858825.54
657,438,Savings,2025-04-01,Active,10381113.9
658,439,Savings,2022-05-12,Active,29959139.3
659,440,Current,2024-11-09,Active,22367171.58
660,440,Credit,2019-08-07,Active,6449511.37
661,441,Current,2024-09-09,Active,4400168.24
662,442,Credit,2023-10-21,Closed,1759913.92
663,442,Savings,2016-04-17,Active,18184346.44
664,443,Current,2022-05-10,Active,47261971.95
665,444,Savings,2020-06-27,Active,2317851.49
666,445,Credit,2024-03-21,Active,22251565.18
667,446,Loan,2024-09-23,Active,26138086.33
668,447,Credit,2024-06-25,Active,25534411.41
669,448,Savings,2024-10-01,Active,2246330.28
670,449,Savings,2025-03-04,Active,14992464.39
671,450,Current,2024-07-10,Frozen,30111197.91
672,451,Current,2024-09-10,Active,13877011.98
673,451,Loan,2023-10-05,Active,12755818.88
674,452,Loan,2023-11-06,Active,8174335.54
675,453,Loan,2019-09-20,Active,12716427.87
676,454,Loan,2025-02-07,Closed,7170765.07
677,454,Current,2023-11-02,Active,36636418.19
678,455,Current,2024-07-24,Active,28186471.41
679,456,Current,2025-03-11,Active,7683035.59
680,456,Loan,2025-04-03,Active,48201244.88
681,456,Current,2024-12-20,Active,6239814.98
682,456,Savings,2024-12-27,Active,20344995.39
683,457,Credit,2025-03-28,Active,18147346.04
684,458,Credit,2020-05-04,Active,7325018.35
685,458,Current,2024-10-13,Active,4906363.29
686,458,Current,2023-09-16,Active,5259086.45
687,459,Savings,2019-06-03,Active,36419087.47
688,460,Credit,2020-11-10,Active,40341840.2
689,461,Savings,2023-03-11,Active,35025772.23
690,461,Credit,2022-11-17,Active,30377272.55
691,462,Savings,2024-05-03,Active,47326050.18
692,463,Loan,2023-12-12,Active,40306188.95
693,464,Loan,2018-02-13,Active,6387334.43
694,465,Savings,2022-11-18,Active,35664000.84
695,466,Current,2022-07-22,Active,28382363.15
696,467,Credit,2024-10-17,Active,36273709.45
697,467,Credit,2025-04-01,Active,12463090.26
698,468,Loan,2019-09-15,Active,9163395.24
699,469,Credit,2023-08-13,Active,25116439.99
700,470,Credit,2023-08-06,Frozen,26034527.23
701,471,Current,2020-09-08,Active,42897494.5
702,472,Credit,2025-03-16,Active,15643718.25
703,473,Savings,2023-07-14,Active,3843893.69
704,474,Current,2025-03-15,Closed,8264005.15
705,475,Savings,2023-07-24,Active,14299684.71
706,476,Loan,2025-04-07,Active,544627.17
707,476,Loan,2025-04-09,Active,46622746.53
708,477,Current,2023-07-17,Active,25755424.24
709,477,Savings,2020-03-30,Active,30818167.48
710,478,Savings,2021-04-29,Active,35132559.77
711,478,Credit,2021-11-08,Active,36951767.76
712,479,Savings,2025-03-09,Active,48232722.71
713,480,Current,2024-01-23,Active,18358876.35
714,481,Current,2020-10-19,Active,47624655.28
715,482,Loan,2021-10-31,Active,8532493.38
716,483,Savings,2025-02-13,Active,33956368.02
717,483,Savings,2025-04-05,Active,24161402.9
718,483,Credit,2025-02-16,Active,36903905.85
719,483,Loan,2025-02-20,Active,15247941.77
720,484,Savings,2023-07-31,Closed,44625770.47
721,484,Loan,2021-07-17,Active,304496.3
722,484,Loan,2024-05-26,Active,17701098.29
723,485,Savings,2025-01-08,Active,36124455.2
724,486,Loan,2021-04-15,Active,5075875.56
725,486,Loan,2022-07-15,Active,26459537.16
726,487,Current,2022-01-08,Active,45656324.53
727,487,Savings,2023-09-23,Active,32835105.97
728,488,Current,2021-12-02,Active,18721730.28
729,488,Credit,2021-06-30,Active,9117280.2
730,489,Credit,2023-07-17,Active,21934217.73
731,490,Loan,2023-09-06,Active,17693351.48
732,491,Loan,2024-06-06,Active,44179977.51
733,491,Current,2023-12-13,Active,14252139.21
734,492,Current,2020-06-10,Active,37198760.11
735,493,Savings,2025-02-13,Active,9957606.29
736,494,Loan,2023-06-16,Frozen,49146605.85
737,494,Savings,2025-02-10,Active,27510682.41
738,495,Current,2021-12-10,Active,38221991.55
739,495,Loan,2023-11-29,Active,46178826.92
740,496,Loan,2022-03-15,Active,47884352.94
741,497,Savings,2025-04-04,Active,17212586.34
742,498,Savings,2025-03-21,Active,11832881.71
743,499,Credit,2024-07-25,Active,29858370.26
744,499,Savings,2024-08-30,Active,14480436.79
745,500,Loan,2023-11-08,Active,21453307.27
746,501,Current,2018-07-30,Active,9351143.17
747,501,Credit,2021-04-27,Active,43209698.61
748,502,Current,2025-03-12,Active,21463654.79
749,503,Loan,2023-03-25,Active,40499523.9
750,503,Current,2023-06-12,Active,42745047.19
751,504,Current,2021-04-03,Active,6623467.68
752,505,Savings,2025-01-10,Active,9616947.83
753,505,Current,2024-11-26,Active,30827203.23
754,506,Savings,2018-02-20,Closed,19023828.93
755,507,Credit,2018-02-23,Active,49006415.82
756,508,Current,2021-04-15,Active,23964969.93
757,508,Loan,2024-09-06,Active,15221456.6
758,509,Credit,2022-02-09,Active,47150507.37
759,510,Loan,2024-01-10,Active,44756360.64
760,510,Current,2023-05-04,Active,2616010.54
761,510,Credit,2023-11-15,Active,23608187.63
762,511,Savings,2022-08-22,Active,12620629.69
763,512,Loan,2022-04-10,Active,15224791.19
764,513,Savings,2022-11-16,Active,34151246.02
765,513,Current,2019-08-14,Active,37067192.21
766,514,Credit,2021-01-11,Active,29449664.66
767,515,Credit,2022-10-17,Active,13804587.86
768,515,Loan,2023-07-27,Active,5327212.23
769,515,Savings,2024-01-28,Active,48416825.77
770,516,Current,2022-06-29,Active,22294032.36
771,516,Savings,2023-09-17,Active,27333485.35
772,517,Credit,2018-01-25,Active,23715184.02
773,517,Current,2016-10-27,Active,7692080.91
774,518,Current,2024-11-23,Active,27529279.14
775,519,Credit,2021-07-28,Closed,37970164.27
776,519,Credit,2023-02-12,Closed,22429626.18
777,520,Savings,2023-02-08,Closed,3394747.71
778,521,Loan,2022-02-01,Active,47622687.02
779,521,Savings,2023-05-20,Active,13714690.55
780,522,Current,2024-01-15,Active,47790588.06
781,522,Savings,2022-07-09,Active,34693228.67
782,523,Loan,2023-09-20,Active,26628167.94
783,524,Savings,2021-06-20,Active,37538882.29
784,525,Loan,2022-09-29,Active,19518442.58
785,526,Credit,2021-07-24,Active,189991.32
786,527,Current,2025-03-30,Active,452977.63
787,527,Loan,2023-05-15,Active,36031752.52
788,528,Credit,2017-01-18,Active,11024613.02
789,529,Credit,2017-06-19,Active,8563743.75
790,530,Savings,2017-02-14,Active,14599246.34
791,530,Current,2021-03-28,Closed,13895047.64
792,531,Current,2019-10-26,Active,39533159.7
793,532,Current,2022-06-02,Frozen,10506519.55
794,533,Savings,2025-02-12,Active,17379620.32
795,533,Credit,2024-11-17,Active,47321927.09
796,534,Credit,2023-10-06,Active,20423060.68
797,534,Credit,2024-07-29,Active,2872598.92
798,534,Savings,2023-09-04,Active,10971786.84
799,535,Credit,2023-09-08,Active,48580519.2
800,535,Savings,2024-12-02,Active,34408888.4
801,535,Credit,2024-07-16,Closed,31718934.01
802,536,Current,2024-03-12,Active,11039745.49
803,537,Credit,2022-11-20,Active,31493735.04
804,538,Loan,2023-01-03,Active,11593839.9
805,538,Loan,2024-05-11,Active,45109385.49
806,539,Savings,2024-07-15,Active,22974911.73
807,539,Current,2021-10-26,Active,24531013.98
808,539,Current,2020-04-26,Active,1062154.72
809,539,Current,2021-02-15,Closed,40876785.06
810,540,Current,2021-10-09,Active,3611713.99
811,541,Current,2023-04-15,Active,32259486.71
812,541,Loan,2021-05-06,Active,26343659.71
813,541,Savings,2023-06-23,Active,18899977.74
814,542,Savings,2023-10-10,Active,687467.5
815,542,Savings,2025-02-13,Active,38508180.13
816,542,Credit,2020-07-19,Active,31372944.98
817,543,Savings,2022-12-14,Active,479714.68
818,544,Savings,2022-11-22,Active,40914585.44
819,545,Savings,2023-10-14,Active,24026467.27
820,546,Loan,2024-03-23,Active,15376175.78
821,547,Loan,2025-02-27,Active,2803216.57
822,547,Credit,2024-08-14,Active,6162545.0
823,548,Savings,2025-01-25,Active,14843957.18
824,549,Loan,2024-09-11,Active,45609226.44
825,550,Savings,2021-05-07,Active,19275298.96
826,551,Credit,2024-03-01,Active,11301960.77
827,551,Loan,2019-09-20,Active,35745411.45
828,552,Savings,2024-04-18,Active,49538494.99
829,553,Current,2019-08-05,Active,47792894.93
830,553,Credit,2021-09-26,Active,16692902.26
831,554,Credit,2024-11-05,Closed,45994481.43
832,555,Savings,2024-08-08,Active,8911608.16
833,556,Credit,2025-01-20,Active,33974871.25
834,557,Current,2025-01-30,Closed,34361164.28
835,558,Credit,2024-07-10,Active,5205088.92
836,559,Loan,2024-05-21,Active,46644762.89
837,560,Savings,2022-01-27,Active,43087081.62
838,560,Current,2020-07-23,Active,7337988.5
839,561,Current,2023-07-20,Active,36069959.75
840,562,Loan,2021-02-14,Active,5667070.08
841,562,Loan,2023-08-22,Frozen,13931022.36
842,563,Savings,2024-05-10,Active,6385511.99
843,563,Loan,2022-11-09,Active,24715381.75
844,564,Loan,2018-06-23,Active,20703077.84
845,564,Credit,2019-12-22,Active,47202073.07
846,565,Current,2019-01-27,Active,27471469.65
847,566,Loan,2023-07-08,Active,41071995.86
848,567,Loan,2020-01-20,Active,35748903.44
849,567,Current,2018-07-24,Active,11767301.52
850,568,Savings,2021-04-07,Active,42531249.51
851,569,Credit,2024-09-07,Active,47881212.41
852,570,Savings,2025-03-30,Active,17473883.25
853,570,Current,2021-02-03,Active,7215570.71
854,571,Loan,2025-04-09,Active,41392812.17
855,571,Savings,2025-04-01,Active,5870618.11
856,572,Current,2022-12-31,Active,1327080.65
857,573,Loan,2024-08-18,Active,35073074.16
858,574,Savings,2024-12-17,Active,29700343.07
859,575,Current,2024-11-17,Active,18268558.47
860,576,Savings,2024-08-31,Active,633760.23
861,577,Loan,2025-04-08,Active,9129401.33
862,577,Current,2024-07-29,Active,34931210.64
863,578,Credit,2025-03-05,Active,36130645.45
864,579,Loan,2024-07-15,Active,34765398.75
865,580,Credit,2022-10-10,Active,3009439.93
866,581,Savings,2022-05-29,Active,8687274.36
867,582,Current,2021-03-17,Active,41635677.92
868,583,Loan,2024-11-24,Active,41477616.35
869,584,Credit,2019-09-02,Active,21189276.38
870,584,Current,2021-09-11,Active,4605906.89
871,584,Loan,2018-12-28,Frozen,6265416.47
872,585,Current,2024-04-16,Active,2809281.13
873,586,Loan,2023-11-05,Active,37302326.91
874,586,Savings,2022-12-16,Active,23427120.42
875,587,Credit,2021-08-15,Active,20260942.75
876,588,Loan,2022-10-29,Active,40168929.64
877,589,Loan,2024-08-20,Active,5428960.09
878,589,Savings,2024-12-02,Active,38942075.04
879,590,Credit,2024-04-06,Active,14117524.5
880,591,Savings,2024-02-29,Active,29859566.68
881,592,Credit,2024-10-20,Active,10094278.73
882,593,Savings,2019-01-26,Active,4261117.34
883,593,Savings,2023-11-12,Active,39513382.9
884,594,Savings,2024-08-22,Active,4669614.65
885,595,Credit,2021-05-14,Active,17838890.69
886,595,Credit,2022-07-05,Frozen,25015802.0
887,596,Credit,2019-07-28,Active,36287149.36
888,596,Current,2024-03-21,Active,4878018.0
889,597,Loan,2024-10-22,Closed,25183884.36
890,598,Current,2025-04-10,Active,39805504.16
891,599,Loan,2024-10-03,Active,42602834.54
892,599,Credit,2024-09-25,Active,34121875.34
893,599,Savings,2024-09-30,Closed,4673610.34
894,600,Current,2022-12-06,Closed,40375726.93
895,601,Current,2021-07-03,Active,8060740.85
896,601,Credit,2017-03-12,Active,6568566.74
897,602,Credit,2017-11-11,Active,42799068.12
898,603,Loan,2021-10-03,Active,35640996.41
899,603,Loan,2021-04-24,Active,49850504.8
900,604,Savings,2024-08-02,Frozen,28349374.06
901,605,Loan,2023-03-08,Active,756938.23
902,606,Credit,2018-10-15,Active,48447666.45
903,607,Savings,2023-05-26,Active,22745844.8
904,608,Current,2024-09-15,Closed,8082009.52
905,609,Credit,2017-01-10,Active,17674890.15
906,610,Savings,2022-07-04,Active,38599306.12
907,610,Credit,2019-04-08,Frozen,48924403.2
908,610,Loan,2023-12-11,Active,7030957.71
909,611,Savings,2024-11-28,Frozen,24418067.18
910,612,Credit,2023-04-02,Closed,20052951.32
911,613,Current,2021-12-08,Active,25628837.81
912,614,Credit,2025-01-08,Active,34113222.83
913,615,Loan,2023-05-03,Active,43778067.47
914,615,Savings,2024-07-29,Active,32196900.6
915,616,Current,2017-10-23,Active,28044412.17
916,617,Current,2024-04-09,Closed,14540123.4
917,618,Current,2024-03-26,Active,42692921.24
918,619,Current,2024-03-04,Active,23119305.83
919,619,Savings,2022-12-01,Active,23429750.01
920,619,Loan,2021-08-04,Active,9021865.24
921,620,Savings,2020-08-04,Closed,46125312.53
922,620,Loan,2020-09-23,Active,16442744.65
923,621,Credit,2023-05-20,Active,30222427.33
924,621,Current,2018-06-13,Active,23816211.24
925,621,Credit,2018-02-18,Active,27258610.27
926,622,Loan,2019-02-05,Active,10681372.35
927,623,Savings,2023-08-14,Frozen,38712534.12
928,624,Savings,2022-06-22,Closed,18081023.02
929,625,Loan,2024-10-03,Frozen,10678907.35
930,625,Current,2023-01-01,Closed,47632724.02
931,626,Loan,2021-08-11,Active,31788007.77
932,627,Savings,2018-04-17,Active,13702526.82
933,627,Savings,2025-02-06,Active,35613213.05
934,627,Loan,2024-04-29,Active,33485523.54
935,628,Credit,2023-11-29,Active,2696576.72
936,629,Loan,2023-05-04,Active,37661270.77
937,630,Current,2024-05-05,Active,47097662.8
938,631,Loan,2021-07-19,Active,34444636.36
939,631,Current,2019-09-07,Frozen,21844831.51
940,632,Loan,2019-09-24,Active,28049813.05
941,633,Current,2018-04-07,Active,33401444.79
942,634,Current,2025-04-10,Active,49318533.67
943,635,Credit,2023-06-07,Active,44826090.61
944,635,Current,2023-12-16,Active,15827227.81
945,636,Loan,2023-08-26,Active,36117079.05
946,637,Loan,2020-04-16,Closed,42864780.72
947,638,Loan,2025-03-19,Active,28923067.06
948,639,Savings,2023-08-12,Active,48951809.12
949,639,Loan,2024-10-19,Active,38721475.93
950,639,Loan,2024-01-25,Active,10496056.35
951,640,Current,2024-10-10,Frozen,28846053.1
952,641,Savings,2019-01-01,Active,18196084.73
953,641,Credit,2022-02-28,Closed,25109239.15
954,642,Savings,2024-10-20,Active,32449094.75
955,642,Loan,2024-11-24,Active,17592931.63
956,643,Loan,2018-11-14,Active,38256406.18
957,644,Savings,2025-04-09,Closed,22946590.01
958,645,Credit,2025-01-03,Active,29748641.59
959,646,Loan,2020-08-10,Active,42256129.51
960,647,Loan,2021-01-07,Active,35107610.19
961,647,Savings,2019-01-25,Frozen,40298928.73
962,648,Savings,2018-05-07,Active,831160.4
963,649,Loan,2017-08-19,Active,37499684.52
964,650,Savings,2023-06-29,Active,25173042.39
965,651,Savings,2025-03-31,Active,42586745.76
966,652,Current,2023-11-10,Active,22736947.69
967,653,Loan,2021-04-22,Active,42818568.18
968,653,Savings,2024-12-26,Active,39689623.33
969,654,Loan,2023-11-06,Active,41022694.58
970,655,Loan,2017-01-17,Active,18738443.61
971,656,Current,2024-09-01,Active,13387780.95
972,656,Credit,2022-05-27,Active,45134626.48
973,656,Loan,2021-10-31,Active,217836.29
974,657,Loan,2023-04-28,Active,1322078.38
975,658,Credit,2024-01-30,Active,25952972.68
976,659,Credit,2024-12-15,Active,47958438.04
977,660,Loan,2024-04-02,Active,48674781.25
978,661,Current,2018-03-02,Active,19671953.97
979,662,Savings,2023-06-20,Active,28896902.25
980,663,Current,2024-05-01,Closed,19526680.74
981,664,Current,2021-09-10,Active,15913066.07
982,665,Current,2022-02-08,Active,4987900.42
983,665,Current,2020-10-03,Active,31575739.01
984,666,Loan,2018-11-01,Active,31369645.9
985,667,Credit,2020-08-27,Active,7961067.91
986,667,Credit,2020-10-30,Active,4672337.69
987,668,Loan,2018-04-17,Active,38503911.25
988,668,Current,2019-07-21,Active,35381719.93
989,669,Savings,2022-12-15,Active,1274240.92
990,670,Current,2024-05-03,Frozen,31726812.92
991,670,Credit,2024-09-13,Active,32629610.75
992,670,Current,2023-08-11,Active,26775506.84
993,671,Current,2019-08-10,Active,40356798.83
994,672,Loan,2022-07-23,Active,32966292.2
995,673,Credit,2025-01-26,Active,7197038.79
996,674,Savings,2020-02-20,Active,28971935.24
997,675,Savings,2025-04-01,Active,46360679.28
998,675,Savings,2025-04-08,Active,14130327.29
999,676,Current,2020-11-11,Active,24717310.11
1000,676,Credit,2024-03-05,Closed,10406543.02
1001,677,Savings,2019-07-12,Active,1107628.85
1002,678,Savings,2022-11-26,Active,31287881.02
1003,679,Current,2022-12-22,Active,18768965.93
1004,679,Credit,2021-07-27,Active,22549417.68
1005,679,Current,2022-12-08,Active,516913.18
1006,680,Current,2024-12-23,Active,31564357.93
1007,680,Savings,2023-10-23,Active,17147094.49
1008,681,Credit,2024-09-06,Active,30704109.77
1009,681,Savings,2024-12-26,Active,37087424.48
1010,682,Savings,2025-03-10,Active,1487466.59
1011,683,Savings,2024-04-04,Active,38050439.14
1012,684,Current,2022-11-01,Closed,5748274.97
1013,684,Current,2023-07-16,Active,6936865.37
1014,684,Savings,2023-05-08,Active,46993006.7
1015,685,Credit,2023-11-03,Active,9969884.25
1016,685,Savings,2021-10-25,Active,27579340.73
1017,685,Credit,2024-03-05,Active,40452496.45
1018,686,Loan,2017-11-05,Active,20003108.16
1019,687,Current,2024-09-10,Active,9901843.42
1020,687,Credit,2024-02-06,Frozen,5153701.11
1021,688,Credit,2021-12-24,Active,10299531.83
1022,688,Loan,2020-12-08,Active,22313425.14
1023,689,Credit,2024-01-26,Active,31149319.01
1024,689,Loan,2023-10-12,Active,28361430.32
1025,689,Credit,2023-05-11,Closed,40968891.07
1026,689,Loan,2023-11-02,Active,1697662.94
1027,690,Credit,2024-12-16,Active,14680742.58
1028,690,Credit,2025-01-30,Active,5741351.14
1029,690,Credit,2024-11-07,Active,9303885.43
1030,691,Current,2024-09-11,Active,32851161.04
1031,691,Credit,2024-09-11,Active,15729500.22
1032,692,Savings,2024-08-27,Active,554942.21
1033,693,Credit,2024-03-18,Active,28377787.94
1034,694,Credit,2019-07-11,Closed,28086412.77
1035,695,Loan,2021-03-08,Active,10616636.48
1036,696,Current,2020-07-19,Active,13909642.94
1037,696,Savings,2020-06-11,Active,32317043.02
1038,697,Loan,2025-03-13,Active,16012869.24
1039,697,Current,2024-05-22,Active,24701773.78
1040,698,Savings,2025-01-08,Frozen,21067649.93
1041,699,Savings,2021-03-19,Active,30075519.66
1042,700,Loan,2021-09-04,Active,1073222.2
1043,700,Savings,2022-10-28,Active,42806592.32
1044,701,Savings,2024-05-18,Closed,14225447.29
1045,701,Loan,2025-01-09,Active,26678015.78
1046,702,Savings,2024-07-06,Active,823451.88
1047,702,Loan,2022-02-01,Active,40127638.97
1048,703,Credit,2021-08-23,Active,37687077.04
1049,704,Loan,2023-08-21,Active,38732925.61
1050,704,Loan,2023-04-08,Active,19672441.31
1051,705,Loan,2020-11-11,Active,32058445.81
1052,705,Savings,2020-05-17,Active,46885810.74
1053,706,Savings,2024-06-26,Active,2401233.59
1054,706,Savings,2025-02-18,Active,49677083.17
1055,706,Loan,2024-09-26,Active,4409955.84
1056,706,Credit,2024-03-19,Active,26882542.88
1057,707,Savings,2022-07-23,Closed,43402063.47
1058,707,Credit,2024-02-26,Closed,2163378.28
1059,708,Savings,2024-10-08,Closed,3761358.34
1060,709,Credit,2024-06-14,Active,39583475.24
1061,709,Loan,2024-09-09,Active,8525228.12
1062,710,Current,2025-03-25,Active,6003871.97
1063,710,Credit,2021-02-06,Closed,37654211.0
1064,710,Loan,2024-08-06,Active,33415080.18
1065,711,Current,2020-09-14,Active,33066836.09
1066,712,Credit,2020-06-29,Active,36545920.38
1067,712,Current,2017-12-30,Active,38312437.11
1068,713,Savings,2024-07-26,Active,41778749.42
1069,714,Current,2024-10-22,Active,36766061.26
1070,715,Current,2024-11-09,Active,3766468.68
1071,716,Loan,2021-02-08,Active,666274.06
1072,717,Current,2021-08-20,Active,19259160.52
1073,718,Loan,2024-10-16,Active,10440986.29
1074,719,Credit,2022-01-08,Active,15598153.23
1075,720,Loan,2022-10-17,Active,42391870.88
1076,720,Savings,2016-09-22,Closed,10947053.69
1077,721,Credit,2022-11-21,Active,22627070.37
1078,722,Current,2021-07-26,Active,9405794.1
1079,722,Credit,2020-01-05,Active,34316437.33
1080,723,Savings,2024-01-13,Active,43811049.85
1081,723,Savings,2024-01-05,Active,44705961.74
1082,723,Current,2023-10-07,Active,23817258.78
1083,724,Loan,2020-11-22,Active,5925126.44
1084,725,Savings,2023-04-20,Active,10611180.62
1085,725,Loan,2024-08-07,Active,25401261.94
1086,725,Savings,2024-02-14,Active,18495335.96
1087,726,Savings,2020-08-29,Active,36602760.46
1088,726,Loan,2020-03-08,Active,9480587.19
1089,727,Current,2020-01-31,Active,26482842.05
1090,727,Loan,2021-01-10,Active,5468136.19
1091,728,Savings,2025-03-08,Active,47948996.15
1092,728,Current,2025-03-31,Active,44753972.46
1093,728,Credit,2025-02-08,Active,26611264.92
1094,729,Credit,2021-11-23,Active,31014834.84
1095,730,Loan,2017-03-09,Active,5074200.56
1096,731,Credit,2019-10-17,Active,8559745.66
1097,732,Current,2024-07-04,Active,14406747.56
1098,733,Credit,2024-05-13,Active,4721185.91
1099,734,Loan,2020-01-03,Active,42629671.33
1100,734,Current,2025-03-08,Active,34075309.81
1101,735,Current,2023-04-29,Active,44994462.4
1102,736,Current,2023-09-27,Frozen,33304908.64
1103,736,Loan,2023-09-19,Active,8883977.45
1104,736,Credit,2024-12-04,Closed,8544548.36
1105,736,Savings,2023-06-30,Active,48477381.13
1106,736,Savings,2023-12-16,Active,12383046.36
1107,737,Savings,2017-02-04,Active,879367.17
1108,738,Credit,2020-09-12,Active,26268206.52
1109,738,Current,2021-07-07,Active,38765075.06
1110,739,Savings,2025-04-07,Active,36811961.24
1111,740,Loan,2022-06-08,Active,17545544.48
1112,740,Credit,2021-04-04,Active,12684306.91
1113,741,Loan,2023-01-29,Active,17637792.64
1114,742,Credit,2020-04-09,Closed,38728569.51
1115,743,Loan,2023-03-12,Active,34292350.03
1116,744,Savings,2021-11-03,Active,20521844.17
1117,745,Current,2020-11-25,Active,7090239.96
1118,746,Loan,2025-03-26,Active,28883434.41
1119,746,Loan,2023-07-29,Active,37220812.3
1120,747,Current,2021-09-06,Closed,18895135.18
1121,748,Savings,2023-10-18,Frozen,43858430.35
1122,748,Loan,2020-06-09,Frozen,43805881.08
1123,748,Current,2019-05-22,Active,33956527.47
1124,748,Credit,2021-09-09,Active,20870541.35
1125,749,Credit,2015-08-31,Active,2064587.87
1126,749,Credit,2022-10-18,Active,6156833.57
1127,750,Loan,2024-12-23,Active,39628353.02
1128,751,Credit,2024-06-24,Active,48473799.8
1129,752,Loan,2024-10-15,Closed,7365083.13
1130,753,Current,2018-09-09,Active,14496190.99
1131,754,Current,2024-07-22,Active,14420115.09
1132,754,Credit,2024-11-27,Active,2057245.16
1133,755,Credit,2024-10-12,Active,6180553.94
1134,756,Loan,2017-09-06,Active,21521838.2
1135,757,Savings,2020-06-17,Active,6894562.03
1136,757,Credit,2021-01-01,Active,25104641.89
1137,758,Current,2024-05-14,Frozen,35662722.99
1138,758,Current,2025-02-27,Frozen,9844403.38
1139,759,Savings,2022-08-31,Active,1616513.12
1140,760,Credit,2024-04-09,Active,33928228.85
1141,761,Loan,2020-08-13,Active,48345671.68
1142,761,Savings,2023-01-13,Closed,46010504.5
1143,762,Credit,2023-09-02,Active,21796455.37
1144,762,Credit,2022-12-14,Active,6967426.18
1145,763,Current,2023-05-02,Active,20821452.07
1146,764,Current,2025-02-05,Active,4289040.38
1147,764,Loan,2021-03-24,Active,18804537.53
1148,764,Loan,2018-04-28,Active,26333304.1
1149,765,Credit,2021-02-21,Active,34261312.35
1150,765,Credit,2021-12-29,Active,21389181.86
1151,765,Loan,2017-07-09,Frozen,23069586.26
1152,766,Savings,2020-03-14,Frozen,21051721.9
1153,766,Current,2024-02-05,Active,15126475.36
1154,767,Current,2024-08-03,Active,18661826.49
1155,767,Credit,2023-06-20,Active,42256916.04
1156,768,Current,2024-02-22,Active,307582.77
1157,768,Loan,2022-08-15,Active,4242108.04
1158,769,Credit,2025-01-10,Active,32497498.23
1159,769,Credit,2024-07-09,Active,41098787.28
1160,769,Loan,2024-07-30,Active,43217063.08
1161,770,Savings,2023-08-19,Active,33723905.84
1162,770,Savings,2023-09-10,Active,25818038.86
1163,771,Loan,2022-10-13,Active,44753666.54
1164,772,Current,2025-04-04,Active,15551432.54
1165,772,Savings,2025-03-29,Active,31186959.48
1166,773,Current,2023-11-18,Active,11785.23
1167,773,Savings,2025-02-03,Active,12367832.24
1168,773,Savings,2025-03-26,Active,41637995.36
1169,774,Loan,2020-04-22,Active,46302961.69
1170,775,Credit,2023-04-07,Active,49134986.36
1171,776,Current,2023-02-17,Active,27340495.19
1172,776,Loan,2021-05-05,Closed,30861754.32
1173,777,Loan,2021-07-09,Active,1092677.32
1174,777,Current,2022-12-02,Active,32876693.49
1175,778,Current,2019-12-20,Active,34984436.85
1176,778,Current,2024-12-10,Active,14508909.07
1177,779,Savings,2025-03-13,Frozen,24653277.18
1178,779,Credit,2019-04-26,Active,34885658.65
1179,780,Savings,2022-10-16,Active,40676545.32
1180,780,Current,2023-02-25,Active,22859543.17
1181,781,Loan,2025-01-10,Active,15145050.88
1182,781,Loan,2025-02-15,Active,45353851.18
1183,782,Current,2023-01-10,Active,36156032.74
1184,782,Credit,2018-02-16,Active,7924143.29
1185,783,Current,2023-02-12,Active,35314168.59
1186,784,Loan,2024-10-29,Active,8733098.99
1187,784,Current,2024-11-24,Active,35963263.36
1188,784,Credit,2024-03-04,Active,42934608.37
1189,785,Current,2023-02-17,Active,38132753.27
1190,786,Credit,2022-12-16,Closed,3419823.37
1191,786,Loan,2024-05-08,Active,23592898.12
1192,787,Current,2024-11-01,Active,46371338.15
1193,788,Credit,2025-03-03,Active,16210589.84
1194,789,Credit,2022-10-22,Active,41496014.54
1195,789,Savings,2023-02-12,Active,42603038.9
1196,790,Current,2024-06-14,Active,33266395.96
1197,790,Loan,2020-05-03,Closed,23825886.2
1198,790,Current,2019-12-05,Frozen,40429688.61
1199,790,Current,2018-03-12,Active,44038962.99
1200,790,Loan,2018-05-28,Active,21008607.25
1201,791,Savings,2024-12-26,Active,12531687.61
1202,791,Savings,2023-07-07,Active,3653355.91
1203,792,Credit,2024-09-28,Active,42035560.97
1204,793,Current,2025-01-23,Active,34939299.05
1205,794,Loan,2018-07-13,Active,31873414.72
1206,795,Current,2024-09-28,Active,24560239.92
1207,795,Credit,2025-02-18,Active,37110273.79
1208,796,Loan,2022-10-06,Active,40435524.18
1209,797,Current,2023-02-13,Active,1221910.27
1210,798,Savings,2020-11-20,Active,40502342.28
1211,798,Savings,2018-03-19,Active,20407288.23
1212,799,Savings,2023-06-12,Active,34121236.68
1213,800,Loan,2025-01-28,Active,10381664.25
1214,801,Loan,2020-03-04,Active,17830694.78
1215,801,Current,2020-03-25,Active,21949514.35
1216,802,Loan,2021-01-28,Closed,28461929.62
1217,803,Current,2022-03-03,Active,14918366.89
1218,804,Savings,2019-06-19,Active,2583435.65
1219,804,Credit,2022-11-10,Active,41068176.98
1220,805,Credit,2025-03-28,Closed,12576578.54
1221,806,Credit,2025-02-21,Active,43574952.06
1222,806,Credit,2023-10-23,Active,28772040.16
1223,807,Credit,2017-01-06,Active,2841843.46
1224,808,Savings,2025-03-18,Active,46846975.02
1225,808,Credit,2025-03-08,Active,1623413.53
1226,809,Loan,2022-06-21,Active,16733716.86
1227,809,Savings,2022-09-13,Active,27358896.51
1228,810,Credit,2023-09-27,Closed,33170173.01
1229,811,Savings,2025-03-17,Active,3654865.97
1230,811,Savings,2025-01-28,Active,3547447.16
1231,812,Loan,2024-08-24,Active,30625508.21
1232,812,Savings,2024-07-31,Closed,23943786.53
1233,813,Current,2022-11-28,Active,2096631.44
1234,814,Savings,2023-10-21,Active,11269999.6
1235,815,Credit,2019-09-21,Active,15177883.4
1236,815,Current,2023-11-23,Active,2777273.81
1237,816,Current,2025-03-29,Active,43016120.63
1238,816,Savings,2018-02-05,Active,2616499.48
1239,817,Loan,2024-05-21,Active,21491635.25
1240,817,Loan,2023-02-22,Active,5788004.15
1241,818,Savings,2022-09-29,Closed,49126902.5
1242,818,Credit,2022-09-07,Active,17162850.6
1243,818,Savings,2022-09-07,Active,4608620.62
1244,819,Savings,2024-06-12,Active,37376309.71
1245,819,Savings,2022-10-26,Frozen,754779.01
1246,819,Current,2023-11-11,Active,3839817.67
1247,820,Current,2024-09-15,Active,14136972.92
1248,821,Credit,2024-11-20,Active,32763895.51
1249,822,Current,2024-12-31,Frozen,6494515.06
1250,822,Loan,2021-05-08,Active,6127594.11
1251,823,Savings,2023-10-25,Active,46919123.42
1252,823,Current,2024-02-21,Active,36763579.21
1253,824,Credit,2022-06-18,Closed,42939420.27
1254,825,Loan,2021-09-03,Active,47071935.12
1255,826,Credit,2023-06-06,Closed,12217847.53
1256,826,Credit,2021-11-02,Active,27075544.54
1257,827,Savings,2018-06-16,Active,45022264.62
1258,828,Loan,2019-12-02,Active,10185711.21
1259,829,Current,2024-02-11,Active,26054537.45
1260,830,Credit,2022-03-09,Active,10546373.9
1261,831,Credit,2024-05-02,Active,39399123.41
1262,832,Savings,2023-05-03,Frozen,34920113.54
1263,832,Loan,2023-01-26,Frozen,1074269.62
1264,833,Savings,2023-09-06,Active,29416125.45
1265,834,Credit,2018-12-29,Active,4233819.81
1266,835,Credit,2020-08-24,Closed,19202973.63
1267,836,Savings,2024-03-31,Closed,19239315.86
1268,837,Savings,2023-11-04,Active,18972555.64
1269,838,Loan,2023-06-02,Active,33023518.81
1270,839,Savings,2022-05-23,Active,17396748.88
1271,840,Savings,2024-08-28,Closed,37726358.91
1272,840,Credit,2025-02-16,Closed,45373404.64
1273,841,Current,2023-12-27,Active,17053809.8
1274,841,Loan,2023-06-12,Closed,39132807.84
1275,842,Savings,2021-12-04,Active,27669175.18
1276,843,Credit,2020-12-18,Closed,46899423.93
1277,844,Loan,2024-12-07,Active,35963817.57
1278,845,Credit,2025-02-19,Active,19070738.86
1279,845,Current,2021-11-19,Active,769018.85
1280,846,Credit,2024-05-25,Active,12504131.44
1281,847,Credit,2024-06-17,Active,19736114.18
1282,847,Credit,2024-12-05,Active,32964904.88
1283,848,Savings,2024-10-17,Active,28426369.37
1284,849,Credit,2023-01-29,Active,42381157.48
1285,850,Loan,2024-09-24,Active,22001064.88
1286,851,Loan,2024-10-08,Active,17942595.34
1287,852,Current,2022-02-13,Active,28982720.44
1288,853,Savings,2019-09-21,Active,30520322.81
1289,854,Credit,2023-01-12,Frozen,22027571.41
1290,855,Credit,2025-01-09,Active,13814455.68
1291,856,Loan,2016-03-10,Active,31520605.54
1292,857,Current,2019-09-06,Closed,32802347.77
1293,858,Current,2021-02-14,Active,1934703.89
1294,859,Loan,2021-09-09,Active,2107359.79
1295,859,Current,2025-01-04,Active,35730332.69
1296,860,Credit,2024-03-20,Frozen,815747.51
1297,861,Credit,2018-10-08,Active,2246206.01
1298,862,Current,2022-08-25,Active,3883182.35
1299,863,Loan,2024-11-23,Active,3881736.75
1300,863,Current,2025-03-20,Active,18574254.5
1301,864,Loan,2024-06-06,Active,21329501.76
1302,865,Credit,2025-02-09,Active,16333761.68
1303,865,Credit,2024-06-21,Active,20412796.21
1304,866,Credit,2024-07-11,Active,48675325.0
1305,867,Savings,2025-01-26,Active,2240082.74
1306,867,Current,2023-07-01,Closed,1286508.96
1307,867,Current,2024-11-08,Active,25544699.16
1308,868,Credit,2018-11-11,Closed,18948196.24
1309,868,Savings,2020-11-08,Active,7512233.55
1310,869,Savings,2024-07-20,Frozen,47931672.1
1311,869,Current,2024-02-06,Active,49890670.29
1312,870,Loan,2024-08-16,Active,6070906.23
1313,870,Savings,2024-08-14,Active,32963295.98
1314,871,Loan,2020-07-06,Active,9759229.52
1315,871,Credit,2020-09-19,Closed,16440938.31
1316,872,Credit,2020-03-20,Active,15747670.65
1317,872,Savings,2022-06-30,Active,22255924.23
1318,873,Loan,2018-07-18,Active,17605710.62
1319,873,Savings,2020-06-01,Closed,32669963.07
1320,874,Current,2023-03-22,Active,20948322.99
1321,875,Current,2016-11-25,Closed,12254747.06
1322,876,Loan,2020-04-07,Active,33298473.62
1323,877,Credit,2022-02-07,Active,17085174.42
1324,877,Savings,2023-06-29,Active,21056919.29
1325,878,Current,2020-08-17,Active,31635162.01
1326,878,Current,2021-03-06,Closed,43821520.79
1327,879,Savings,2025-03-31,Active,20937093.87
1328,880,Loan,2023-12-01,Active,6328633.59
1329,880,Savings,2024-01-27,Active,1206333.87
1330,881,Current,2024-12-21,Frozen,6627563.97
1331,882,Loan,2025-02-15,Closed,17724844.88
1332,883,Loan,2022-12-07,Active,12079331.01
1333,883,Credit,2024-02-18,Active,44872341.78
1334,884,Credit,2022-11-01,Active,30835313.4
1335,884,Savings,2022-12-20,Active,46036978.22
1336,884,Loan,2021-05-28,Closed,31545291.55
1337,884,Loan,2022-08-29,Active,23860531.31
1338,885,Current,2024-10-31,Active,36188136.2
1339,885,Savings,2021-07-03,Active,399109.42
1340,886,Credit,2024-12-13,Active,22681822.5
1341,887,Credit,2025-01-25,Active,25438272.89
1342,888,Credit,2020-05-25,Closed,4853961.12
1343,889,Credit,2021-12-21,Active,2423914.48
1344,889,Loan,2023-03-26,Active,19209546.64
1345,889,Current,2019-12-15,Frozen,2106302.12
1346,890,Current,2020-04-18,Active,13920028.78
1347,891,Credit,2023-03-07,Active,14246699.93
1348,892,Savings,2022-02-15,Active,24336919.92
1349,893,Current,2025-01-25,Closed,14431056.26
1350,893,Credit,2024-07-21,Frozen,37675905.55
1351,894,Current,2017-10-15,Active,7058746.23
1352,894,Current,2019-09-25,Active,25439821.57
1353,895,Current,2022-10-24,Active,45128039.71
1354,896,Current,2025-01-07,Active,41626899.69
1355,896,Savings,2024-06-12,Active,14099057.75
1356,897,Loan,2023-06-06,Active,26049485.81
1357,897,Loan,2023-11-09,Active,5489647.69
1358,897,Savings,2024-04-15,Active,21618974.76
1359,898,Credit,2023-11-25,Active,6849533.64
1360,899,Credit,2022-08-06,Active,5831967.39
1361,900,Credit,2021-10-26,Active,37216433.99
1362,900,Current,2019-06-02,Active,16362514.63
1363,901,Credit,2025-03-25,Active,31534890.87
1364,901,Savings,2024-12-28,Active,15747348.15
1365,902,Savings,2022-06-08,Active,46619076.35
1366,902,Credit,2023-08-20,Active,27912932.61
1367,903,Savings,2021-01-06,Closed,31367979.57
1368,903,Current,2022-07-16,Active,18816690.76
1369,903,Current,2024-05-04,Active,13271649.48
1370,904,Current,2025-02-15,Active,9363371.78
1371,905,Loan,2018-01-05,Active,9936662.68
1372,905,Savings,2023-12-16,Frozen,42859268.24
1373,906,Current,2024-10-03,Active,3372390.76
1374,906,Current,2025-03-31,Active,1950248.37
1375,907,Credit,2024-05-26,Active,31555008.94
1376,908,Current,2022-11-03,Active,24216810.82
1377,908,Current,2023-10-27,Closed,42036185.65
1378,909,Credit,2022-10-26,Active,24516196.57
1379,910,Loan,2024-07-15,Active,27175231.61
1380,911,Credit,2023-03-01,Active,5627247.38
1381,912,Credit,2019-07-25,Active,22364173.89
1382,913,Current,2021-12-25,Active,5799800.8
1383,914,Loan,2025-03-04,Frozen,33034036.86
1384,914,Credit,2024-07-24,Active,35243891.86
1385,915,Loan,2022-06-17,Active,43201821.28
1386,915,Loan,2024-05-13,Active,1457837.74
1387,916,Credit,2025-01-23,Active,44491632.55
1388,916,Loan,2024-03-07,Active,38592214.9
1389,917,Credit,2017-12-14,Active,20567341.93
1390,917,Loan,2020-09-24,Active,13042362.17
1391,918,Savings,2019-10-03,Active,36412060.5
1392,919,Credit,2025-02-13,Active,2290970.47
1393,920,Loan,2024-09-03,Active,28629559.78
1394,921,Current,2024-06-13,Active,38979804.6
1395,922,Savings,2024-03-21,Closed,30669065.53
1396,923,Credit,2018-04-10,Active,26992967.84
1397,923,Savings,2017-09-11,Active,4521733.01
1398,924,Credit,2022-09-14,Closed,38344434.11
1399,925,Savings,2020-10-12,Active,25937263.44
1400,925,Credit,2021-03-13,Active,49261012.66
1401,926,Loan,2019-08-25,Closed,11474430.07
1402,927,Current,2021-08-30,Closed,16581790.62
1403,928,Current,2024-12-07,Active,12442700.34
1404,929,Savings,2022-09-26,Active,1011218.38
1405,929,Savings,2024-02-06,Active,39569259.65
1406,930,Savings,2022-08-28,Active,15080307.1
1407,931,Current,2023-05-20,Active,34406620.84
1408,931,Savings,2018-10-16,Active,6190905.1
1409,931,Loan,2016-03-06,Active,6568347.54
1410,932,Credit,2023-01-20,Closed,3835588.83
1411,932,Loan,2023-04-03,Active,37135172.62
1412,933,Current,2020-10-26,Active,29413907.63
1413,934,Loan,2024-07-15,Active,30288522.13
1414,935,Credit,2025-02-20,Active,21263383.87
1415,936,Savings,2024-11-11,Active,22950692.88
1416,937,Savings,2015-06-30,Active,32805974.93
1417,937,Loan,2020-04-17,Active,21482433.16
1418,938,Current,2024-07-26,Frozen,28054202.98
1419,939,Loan,2018-02-04,Active,35146944.34
1420,940,Current,2024-02-06,Active,49657766.25
1421,940,Loan,2024-10-03,Frozen,38137392.14
1422,941,Savings,2024-04-16,Active,28898195.62
1423,942,Savings,2024-10-09,Active,11613456.23
1424,943,Credit,2025-03-29,Active,5456333.1
1425,944,Credit,2023-03-30,Active,40485942.54
1426,944,Savings,2022-06-14,Active,8471093.08
1427,944,Loan,2022-11-08,Active,4203599.99
1428,945,Loan,2023-11-21,Active,23680997.74
1429,945,Current,2022-04-24,Active,24675952.91
1430,945,Loan,2024-03-11,Active,16900045.35
1431,946,Current,2022-07-24,Active,34452990.06
1432,947,Loan,2024-09-24,Closed,13414563.34
1433,948,Current,2020-01-21,Active,39736842.58
1434,949,Loan,2022-10-13,Active,32603911.15
1435,949,Credit,2022-05-23,Active,24154986.71
1436,950,Savings,2022-07-24,Closed,21290844.27
1437,951,Savings,2021-11-11,Active,37846766.43
1438,952,Current,2021-03-27,Active,6082669.58
1439,952,Current,2022-06-04,Active,48596094.54
1440,953,Savings,2020-08-22,Closed,24764274.51
1441,953,Loan,2022-10-27,Active,43712010.26
1442,953,Loan,2018-03-30,Active,14844583.65
1443,954,Loan,2024-02-04,Frozen,35999950.26
1444,954,Credit,2021-09-19,Active,30758873.36
1445,955,Credit,2019-09-01,Active,8305624.17
1446,955,Credit,2019-04-20,Active,10231047.45
1447,956,Credit,2023-05-30,Active,12569455.75
1448,956,Loan,2023-11-13,Active,16515556.85
1449,957,Current,2024-05-15,Active,35756920.67
1450,957,Loan,2019-04-29,Active,20820984.12
1451,957,Current,2016-09-24,Active,49665582.76
1452,958,Savings,2024-09-23,Active,9391844.61
1453,958,Savings,2023-11-07,Active,16558446.17
1454,959,Savings,2020-09-29,Active,29726778.51
1455,960,Savings,2018-09-23,Active,27962212.9
1456,961,Current,2024-03-07,Active,716333.16
1457,961,Current,2023-12-01,Active,41039513.98
1458,961,Loan,2023-10-16,Active,15294458.53
1459,962,Loan,2021-03-11,Closed,28060003.68
1460,963,Current,2019-10-07,Active,7629565.93
1461,963,Current,2016-01-14,Active,13154251.48
1462,964,Savings,2019-11-27,Active,26120666.89
1463,964,Loan,2023-01-01,Active,38601214.35
1464,965,Credit,2022-04-01,Frozen,36865903.66
1465,965,Loan,2021-04-15,Active,143512.58
1466,965,Current,2022-07-06,Frozen,4576000.06
1467,966,Current,2024-01-30,Active,23778445.38
1468,966,Savings,2023-09-16,Active,44798707.57
1469,967,Savings,2022-12-14,Active,40363647.03
1470,967,Loan,2021-03-15,Active,16361197.31
1471,967,Savings,2023-01-22,Active,19668400.58
1472,968,Loan,2024-09-30,Active,17756031.69
1473,968,Credit,2024-12-02,Active,44165447.59
1474,968,Current,2024-11-14,Frozen,47275041.74
1475,969,Credit,2016-08-29,Active,41995406.42
1476,970,Loan,2023-11-17,Active,39450363.14
1477,970,Savings,2024-07-29,Active,21776314.51
1478,971,Credit,2023-12-13,Active,43308260.55
1479,971,Loan,2022-03-18,Active,17306117.95
1480,971,Loan,2020-04-11,Active,27994103.2
1481,972,Current,2021-11-19,Active,8958489.94
1482,972,Savings,2025-01-11,Active,18055958.97
1483,973,Current,2020-04-12,Active,15526431.01
1484,974,Savings,2023-07-11,Closed,45791196.93
1485,975,Savings,2024-10-30,Active,1686074.28
1486,976,Credit,2023-09-29,Active,19920717.17
1487,977,Credit,2024-07-08,Active,2870777.75
1488,978,Savings,2025-02-16,Closed,46379466.21
1489,978,Loan,2025-04-03,Active,23677686.33
1490,979,Savings,2024-02-20,Active,1451560.14
1491,980,Current,2024-01-11,Active,8853614.55
1492,981,Current,2021-01-22,Active,41704880.87
1493,982,Savings,2023-02-13,Active,31877533.0
1494,983,Savings,2022-07-17,Active,42895936.32
1495,984,Credit,2025-03-06,Frozen,9717177.1
1496,985,Savings,2023-12-24,Active,33602826.21
1497,985,Credit,2024-08-27,Closed,8468985.24
1498,986,Credit,2018-07-24,Active,47027852.63
1499,987,Loan,2023-09-18,Active,33389445.83
1500,988,Savings,2021-09-20,Active,41254126.69
1501,988,Current,2024-12-14,Active,4207595.33
1502,989,Loan,2018-10-20,Active,30430365.98
1503,990,Loan,2022-01-26,Active,37343953.13
1504,991,Savings,2023-12-27,Active,28032363.76
1505,992,Savings,2023-05-15,Active,28412981.55
1506,993,Savings,2022-01-10,Active,23155638.55
1507,994,Savings,2025-02-03,Closed,9133223.56
1508,995,Savings,2019-09-23,Active,29561515.02
1509,996,Savings,2023-03-23,Active,39438946.57
1510,996,Current,2025-03-19,Active,23022851.43
1511,997,Current,2020-10-24,Active,34047720.83
1512,997,Current,2023-07-31,Active,36908142.33
1513,998,Credit,2021-07-14,Active,35298639.01
1514,998,Current,2017-04-12,Active,28256347.47
1515,999,Loan,2025-03-19,Active,9420382.1
1516,1000,Current,2024-05-07,Active,14753667.93
